"","UNIT_CODE","NETCODE","acres","Habitat","prop_hab","acres_hab","prop_hab_1km","acres_hab_1km","prop_hab_10km","acres_hab_10km"
"1","AGFO","NGPN",3045.12250841225,"Converted/Altered Grasslands",2.46447381496572,75.046246853447,1.0354428003879,31.530501776346,1.6999407922604,51.7652796948029
"2","AGFO","NGPN",3045.12250841225,"Core Grassland",85.8491503527775,2614.2118006731,93.2117496167923,2838.41196806581,96.1311369524162,2927.31088893063
"3","AGFO","NGPN",3045.12250841225,"Desert/Shrub",0,0,0,0,0,0
"4","AGFO","NGPN",3045.12250841225,"Developed",0.75524197555401,22.9980433905725,0.287796790440141,8.76376484418077,0.0781635771771716,2.38017668200223
"5","AGFO","NGPN",3045.12250841225,"Forest",1.4607969790321,44.4830576107125,0.509900835236337,15.5271051043637,0.257893000147434,7.85315779510915
"6","AGFO","NGPN",3045.12250841225,"Vulnerable Grasslands",9.44052469442512,287.475542382156,4.94572527919417,150.603393680976,1.83216360994035,55.7916264772319
"7","AGFO","NGPN",3045.12250841225,"Water",0.029812183245553,0.907817502259439,0.00938467794913505,0.285774940571112,0.000702068058477589,0.0213788324730739
"8","ALFL","SOPN",1372.25653258877,"Converted/Altered Grasslands",93.6756280299691,1285.46992508481,91.2963930998432,1252.82071833052,55.9418928744547,767.666279423515
"9","ALFL","SOPN",1372.25653258877,"Core Grassland",0.110180696342001,1.5119618032049,0.196027182435964,2.68999581662722,17.1458434318953,235.284956561625
"10","ALFL","SOPN",1372.25653258877,"Desert/Shrub",0,0,0,0,0.0387784779447407,0.532140196835198
"11","ALFL","SOPN",1372.25653258877,"Developed",0.374614367562803,5.14067013089666,0.411657083115525,5.64899121491717,1.25302956858943,17.1947801102374
"12","ALFL","SOPN",1372.25653258877,"Forest",0,0,0,0,0.000605913717886573,0.00831469057554998
"13","ALFL","SOPN",1372.25653258877,"Vulnerable Grasslands",5.83957690612605,80.1339755698598,8.09592263460533,111.096827226704,22.0264784294716,302.259789147681
"14","ALFL","SOPN",1372.25653258877,"Water",0,0,0,0,3.59337130392632,49.3102724582991
"15","AMCH","SOPN",472.435920566665,"Converted/Altered Grasslands",4.90874764002517,23.1906871014474,29.9257759784076,141.380115230308,52.4290057571641,247.693455992808
"16","AMCH","SOPN",472.435920566665,"Core Grassland",69.7293895531781,329.426683441073,31.9725596041385,151.049856294538,10.092230381893,47.679321510405
"17","AMCH","SOPN",472.435920566665,"Desert/Shrub",0,0,0,0,0.0017022957160026,0.00804225643666379
"18","AMCH","SOPN",472.435920566665,"Developed",0.755191944619257,3.56779801560729,1.94556905083221,9.19156705555928,0.808250005958035,3.81846335612797
"19","AMCH","SOPN",472.435920566665,"Forest",0,0,0,0,0.0990736106713514,0.468059324613833
"20","AMCH","SOPN",472.435920566665,"Vulnerable Grasslands",24.6066708621775,116.250752008538,36.02114260009,170.176816641366,36.4505772484773,172.205620175707
"21","AMCH","SOPN",472.435920566665,"Water",0,0,0.134952766531714,0.637565344894285,0.119160700120182,0.562957950566465
"22","AMIS","CHDN",61682.2767917982,"Converted/Altered Grasslands",13.1707088897724,8123.9931128314,12.374054135216,7632.59832205091,12.7263736349024,7849.91701103895
"23","AMIS","CHDN",61682.2767917982,"Core Grassland",7.28395350468929,4492.90836214833,3.78517960091466,2334.78495850286,3.24626103063872,2002.36771430286
"24","AMIS","CHDN",61682.2767917982,"Desert/Shrub",45.9569193348458,28347.274189103,68.2643009750345,42106.975077407,77.5542832898274,47837.2476827266
"25","AMIS","CHDN",61682.2767917982,"Developed",0.305447061299904,188.40670180342,0.487830055586663,300.904685160548,0.597798990967045,368.736028266869
"26","AMIS","CHDN",61682.2767917982,"Forest",1.77327689033375,1093.79755978065,1.17804936796369,726.647671891392,1.22102522804137,753.156160858165
"27","AMIS","CHDN",61682.2767917982,"Vulnerable Grasslands",1.54033257712187,950.112203734553,0.829420578639331,511.605497084446,0.67297198309236,415.104441342283
"28","AMIS","CHDN",61682.2767917982,"Water",29.969361741937,18485.7846623969,13.0811652866451,8068.76057970107,3.98128584253069,2455.74775326246
"29","BADL","NGPN",242826.642120041,"Converted/Altered Grasslands",2.47106969488391,6000.41556453254,5.38333517838554,13072.1720477405,9.4291157388311,22896.4051302158
"30","BADL","NGPN",242826.642120041,"Core Grassland",86.1387647363439,209167.869972946,81.998368291646,199113.884315828,70.7180487368755,171722.263120569
"31","BADL","NGPN",242826.642120041,"Desert/Shrub",0,0,0,0,0,0
"32","BADL","NGPN",242826.642120041,"Developed",0.0657316161325273,159.613876265851,0.0700499652541009,170.099978432788,0.141684051821356,344.046625457416
"33","BADL","NGPN",242826.642120041,"Forest",0.352677885379042,856.395866565893,0.4169507892017,1012.4676007115,0.497940632031046,1209.1325165123
"34","BADL","NGPN",242826.642120041,"Vulnerable Grasslands",10.9376634412115,26559.5608606852,12.0640366455276,29294.695090466,18.9538195912962,46024.9236670351
"35","BADL","NGPN",242826.642120041,"Water",0.0340926260490908,82.7859790455495,0.0672591299850132,163.323086861761,0.259391249144772,629.871060251479
"36","BEOL","SOPN",829.488724133047,"Converted/Altered Grasslands",30.3558460421206,251.798320034578,41.7555081734186,346.35723200296,12.914364640884,107.123198489558
"37","BEOL","SOPN",829.488724133047,"Core Grassland",12.9266521423384,107.2251219286,25.68407960199,213.046544195864,61.0944673566259,506.771717792358
"38","BEOL","SOPN",829.488724133047,"Desert/Shrub",0.0726216412490922,0.602388325441574,0.0177683013503909,0.147386056171473,0.00389074780172749,0.032273314299784
"39","BEOL","SOPN",829.488724133047,"Developed",3.2316630355846,26.80628048215,3.01172707889126,24.9819365210646,1.4791326226234,12.2692383196345
"40","BEOL","SOPN",829.488724133047,"Forest",0,0,0.0266524520255864,0.221079084257209,0.797603299354136,6.61602943145571
"41","BEOL","SOPN",829.488724133047,"Vulnerable Grasslands",50.1089324618736,415.647944554686,27.5319829424307,228.374694037697,22.7774103182632,188.93605023951
"42","BEOL","SOPN",829.488724133047,"Water",3.3042846768337,27.4086688075916,1.97228144989339,16.3598522350335,0.933131014447643,7.74021654623152
"43","BIBE","CHDN",810876.520482581,"Converted/Altered Grasslands",2.78954282006735,22619.7477567338,2.68543047744865,21775.5252155144,3.05060624783648,24736.6497960807
"44","BIBE","CHDN",810876.520482581,"Core Grassland",41.8251432441143,339150.266224729,40.3488032711566,327178.972021517,34.2121472004729,277418.268801573
"45","BIBE","CHDN",810876.520482581,"Desert/Shrub",52.7428346842993,427679.262691926,53.7960652276222,436219.661874283,60.5384833115161,490892.34702935
"46","BIBE","CHDN",810876.520482581,"Developed",0.0308666332083766,250.290281350205,0.0361692946428946,293.288317883396,0.0490285968719832,397.561380356969
"47","BIBE","CHDN",810876.520482581,"Forest",1.38771562423101,11252.6601679575,1.52759409951723,12386.9018812625,0.850880908037322,6899.59350054363
"48","BIBE","CHDN",810876.520482581,"Vulnerable Grasslands",1.10167445653928,8933.21950023106,1.0790738984774,8749.95688140927,0.893232533514259,7243.01288757884
"49","BIBE","CHDN",810876.520482581,"Water",0.122222537540474,991.073859653709,0.526863731135059,4272.21429071267,0.405621201750944,3289.08708709769
"50","BLSC","CHDN",0.774780078874431,"Converted/Altered Grasslands",0,0,3.51449275362319,0.0272295897285579,0.197956859889192,0.00153373031518683
"51","BLSC","CHDN",0.774780078874431,"Core Grassland",0,0,37.1739130434783,0.288016072798973,79.3807008155662,0.61502585638992
"52","BLSC","CHDN",0.774780078874431,"Desert/Shrub",0,0,7.46376811594203,0.0578277884957003,3.22927186477776,0.0250197551009949
"53","BLSC","CHDN",0.774780078874431,"Developed",100,0.774780078874431,42.536231884058,0.329562250941515,1.57641255497125,0.0122137304367927
"54","BLSC","CHDN",0.774780078874431,"Forest",0,0,6.48550724637681,0.0502484181588852,0.232559075235677,0.00180182138654063
"55","BLSC","CHDN",0.774780078874431,"Vulnerable Grasslands",0,0,2.5,0.0193695019718608,15.3718329920053,0.119097899779904
"56","BLSC","CHDN",0.774780078874431,"Water",0,0,0.326086956521739,0.00252645677893836,0.0112658375546695,8.72854650919335e-05
"57","BRVB","HTLN",3.30290621044666,"Converted/Altered Grasslands",0,0,11.4814814814815,0.379222564903135,50.2125468501156,1.6584733283359
"58","BRVB","HTLN",3.30290621044666,"Core Grassland",77.2727272727273,2.55224570807242,36.2289562289562,1.1966084452662,16.2541461603861,0.536859202986468
"59","BRVB","HTLN",3.30290621044666,"Desert/Shrub",0,0,0,0,0,0
"60","BRVB","HTLN",3.30290621044666,"Developed",22.7272727272727,0.75066050237424,47.8114478114478,1.57916727906877,16.371895119605,0.540748340673247
"61","BRVB","HTLN",3.30290621044666,"Forest",0,0,4.37710437710438,0.144571652309113,10.2405671109195,0.338236327091519
"62","BRVB","HTLN",3.30290621044666,"Vulnerable Grasslands",0,0,0.101010101010101,0.00333626889944107,4.18188422283691,0.138123713709769
"63","BRVB","HTLN",3.30290621044666,"Water",0,0,0,0,2.73896053613696,0.0904652976497506
"64","CAVE","CHDN",46797.1754796621,"Converted/Altered Grasslands",15.7006833652059,7347.47634592151,14.1036962835062,6600.13149891098,8.50781977125956,3981.41934784972
"65","CAVE","CHDN",46797.1754796621,"Core Grassland",12.9812642924964,6074.86503043823,17.4243322920648,8154.095358877,35.0854303110588,16418.9903904607
"66","CAVE","CHDN",46797.1754796621,"Desert/Shrub",63.3938243042647,29666.5192029354,61.1721080634603,28626.818755066,44.5595633033181,20852.6170320249
"67","CAVE","CHDN",46797.1754796621,"Developed",0.0367760140150046,17.2101358130268,0.10368749643025,48.5228196549326,0.14484230080377,67.7821056759203
"68","CAVE","CHDN",46797.1754796621,"Forest",7.80119555478289,3650.73917328334,6.64171137091566,3108.13332510007,8.79855119632889,4117.47344301394
"69","CAVE","CHDN",46797.1754796621,"Vulnerable Grasslands",0.081575885633283,38.1752103488959,0.549631601840014,257.212065204749,2.90055748107629,1357.37897430774
"70","CAVE","CHDN",46797.1754796621,"Water",0.00468058360190968,2.19038092165796,0.00483289178276591,2.26165684832313,0.00323563615461773,1.51418632915985
"71","CAVO","SOPN",790.595394563833,"Converted/Altered Grasslands",12.6428027418126,99.9534162205608,55.4017616394032,438.003776028354,36.0225792157459,284.792852282796
"72","CAVO","SOPN",790.595394563833,"Core Grassland",0.0761614623000762,0.602129013376872,3.14578464857092,24.8704285544977,31.9263761483059,252.408459479633
"73","CAVO","SOPN",790.595394563833,"Desert/Shrub",0,0,0,0,0,0
"74","CAVO","SOPN",790.595394563833,"Developed",0.114242193450114,0.903193520065309,0.521301456048894,4.12138530331677,0.64549837633349,5.10328043527689
"75","CAVO","SOPN",790.595394563833,"Forest",87.1667936024372,689.13665580983,35.7900413445982,282.954418582886,20.1251975846721,159.108885251289
"76","CAVO","SOPN",790.595394563833,"Vulnerable Grasslands",0,0,5.14111091137875,40.6453860947791,11.2783645610809,89.1662308020254
"77","CAVO","SOPN",790.595394563833,"Water",0,0,0,0,0.00198411386168081,0.0156863128133511
"78","CHAM","CHDN",54.5612884099622,"Converted/Altered Grasslands",4.8780487804878,2.66152626390059,0.233372228704784,0.127330894772374,0.244391408114558,0.133343101030552
"79","CHAM","CHDN",54.5612884099622,"Core Grassland",48.2926829268293,26.3491100126159,22.6371061843641,12.3510967929203,23.6280668257757,12.89177768651
"80","CHAM","CHDN",54.5612884099622,"Desert/Shrub",10.2439024390244,5.58920515419125,2.24037339556593,1.22237658981479,13.7607637231504,7.50804998240151
"81","CHAM","CHDN",54.5612884099622,"Developed",24.390243902439,13.307631319503,73.4889148191365,40.0964987638205,60.5777565632458,33.0520044707573
"82","CHAM","CHDN",54.5612884099622,"Forest",12.1951219512195,6.65381565975148,0.956826137689615,0.522056668566732,0.0759904534606205,0.0414613704766872
"83","CHAM","CHDN",54.5612884099622,"Vulnerable Grasslands",0,0,0,0,1.48353221957041,0.809434292974522
"84","CHAM","CHDN",54.5612884099622,"Water",0,0,0.44340723453909,0.24192870006751,0.229498806682578,0.125217505811503
"85","CHIC","SOPN",9873.77332072994,"Converted/Altered Grasslands",18.3390575203441,1810.75696871705,38.9463422345765,3845.47354895779,65.3310338610894,6450.63819153329
"86","CHIC","SOPN",9873.77332072994,"Core Grassland",0.770444630093753,76.0719563371934,0.752236289143294,74.2741060262794,0.554288464711095,54.7291865485277
"87","CHIC","SOPN",9873.77332072994,"Desert/Shrub",0,0,0,0,0,0
"88","CHIC","SOPN",9873.77332072994,"Developed",0.464123271140815,45.8264797212009,3.23553822440618,319.469709983437,1.49108529307216,147.226381856687
"89","CHIC","SOPN",9873.77332072994,"Forest",58.1639283393669,5742.97443866089,47.3302857443977,4673.28512645559,29.2330613765199,2886.40621502743
"90","CHIC","SOPN",9873.77332072994,"Vulnerable Grasslands",0,0,0,0,1.36352581208618,134.631447855031
"91","CHIC","SOPN",9873.77332072994,"Water",22.2624462390544,2198.1434772936,9.73559750747625,961.270829306839,2.02700519252127,200.141897908976
"92","CHIR","SODN",12204.4418638461,"Converted/Altered Grasslands",15.5119981600266,1893.15279736131,15.8448449364194,1933.77488868186,12.6325053936802,1541.72677671892
"93","CHIR","SODN",12204.4418638461,"Core Grassland",0,0,2.15442320007319,262.935326954144,16.9776308308215,2072.02508460601
"94","CHIR","SODN",12204.4418638461,"Desert/Shrub",14.1192404998594,1723.17449842195,12.9829536791388,1584.49703398056,20.1131699262409,2454.70013062465
"95","CHIR","SODN",12204.4418638461,"Developed",0.0127775932125425,1.55943393522349,0.0198213033269295,2.4190794411917,0.0136302388796723,1.66349457997294
"96","CHIR","SODN",12204.4418638461,"Forest",69.1932227645601,8444.64664602223,64.1783307413167,7832.60706451085,44.7262658597565,5458.59111472321
"97","CHIR","SODN",12204.4418638461,"Vulnerable Grasslands",1.16276098234137,141.908488105337,4.81962613972494,588.208470277459,5.53640831522459,675.687734176724
"98","CHIR","SODN",12204.4418638461,"Water",0,0,0,0,0.000389435396562064,0.0475284165706555
"99","CORO","SODN",4811.37890897533,"Converted/Altered Grasslands",23.4212218649518,1126.88372903461,33.7028623353021,1621.57241012172,44.8411232446224,2157.4763463394
"100","CORO","SODN",4811.37890897533,"Core Grassland",0.0128617363344051,0.618826869321586,0.978343177343632,47.0717972921106,10.2955880976657,495.359754286064
"101","CORO","SODN",4811.37890897533,"Desert/Shrub",67.5498392282958,3250.07871767697,48.8232621535666,2349.07213793044,28.1089454681582,1352.42787379034
"102","CORO","SODN",4811.37890897533,"Developed",0.237942122186495,11.4482970824493,0.160533091019234,7.72385528322558,0.58048754057502,27.9294550964561
"103","CORO","SODN",4811.37890897533,"Forest",4.22508038585209,203.284626572141,9.26245645918522,445.651876530261,11.7624458794497,565.935840223481
"104","CORO","SODN",4811.37890897533,"Vulnerable Grasslands",4.55305466237942,219.064711739841,7.07254278358322,340.28683181758,4.40549899270512,211.965249370135
"105","CORO","SODN",4811.37890897533,"Water",0,0,0,0,0.00591077682384407,0.284389869459036
"106","DETO","NGPN",1350.07022903986,"Converted/Altered Grasslands",58.7798289058982,793.568970739099,69.9631700995771,944.551930806909,66.4500535902389,897.122390702849
"107","DETO","NGPN",1350.07022903986,"Core Grassland",0.225123818099955,3.03932964664534,1.42545355340336,19.2446240532895,2.72895623412639,36.8428256804677
"108","DETO","NGPN",1350.07022903986,"Desert/Shrub",0,0,0,0,0,0
"109","DETO","NGPN",1350.07022903986,"Developed",0.270148581719946,3.64719557597441,0.252353021415905,3.40694301421872,0.0945890749618419,1.27701894098403
"110","DETO","NGPN",1350.07022903986,"Forest",38.6762719495723,522.15683329367,24.2599918155777,327.526927069621,20.7457181552674,280.081764614782
"111","DETO","NGPN",1350.07022903986,"Vulnerable Grasslands",2.04862674470959,27.6578997844726,4.06492975037512,54.8794063911988,9.87872329317393,133.369702190367
"112","DETO","NGPN",1350.07022903986,"Water",0,0,0.034101759650798,0.460397704624151,0.101959652231596,1.37652691041135
"113","FOBO","SODN",997.153487006572,"Converted/Altered Grasslands",30.6603773584906,305.731021959562,37.2169099144439,371.109714967972,19.9167727291389,198.600793767783
"114","FOBO","SODN",997.153487006572,"Core Grassland",0.707547169811321,7.0553312759899,2.19552088575742,21.8927130702877,33.2208191346475,331.262556413284
"115","FOBO","SODN",997.153487006572,"Desert/Shrub",61.9693396226415,617.929430922115,54.0953699043785,539.413867310614,36.9053414429579,368.002899090137
"116","FOBO","SODN",997.153487006572,"Developed",0.0589622641509434,0.587944272999158,0.0314544539506794,0.313649184388076,0.0243406042335056,0.24271318387287
"117","FOBO","SODN",997.153487006572,"Forest",6.60377358490566,65.8497585759057,6.37267237040765,63.5453247570243,8.27521891880795,82.5166340063211
"118","FOBO","SODN",997.153487006572,"Vulnerable Grasslands",0,0,0.0880724710619024,0.878217716286613,1.65750717021414,16.5278905451742
"119","FOBO","SODN",997.153487006572,"Water",0,0,0,0,0,0
"120","FODA","CHDN",517.636004349735,"Converted/Altered Grasslands",27.6896942242356,143.331826798992,15.6987939596635,81.2626097838998,13.8220814232954,71.5480699975134
"121","FODA","CHDN",517.636004349735,"Core Grassland",0.396375990939977,2.05178484170337,1.23644471470558,6.40028301719546,36.5932791043238,189.419987816168
"122","FODA","CHDN",517.636004349735,"Desert/Shrub",40.6002265005663,210.161390214473,45.8903415425155,237.544930343123,24.4951350129478,126.795638141096
"123","FODA","CHDN",517.636004349735,"Developed",1.07587768969422,5.56913028462342,8.736191344887,45.2216718100204,0.595366710657097,3.08183245227385
"124","FODA","CHDN",517.636004349735,"Forest",8.66364665911665,44.8461543972307,9.82061416844026,50.8350347841181,5.39553159166686,27.929214144532
"125","FODA","CHDN",517.636004349735,"Vulnerable Grasslands",21.5741789354473,111.675717812712,18.6176142697882,96.3714746113776,19.0926225720773,98.8302886076763
"126","FODA","CHDN",517.636004349735,"Water",0,0,0,0,0.00598358503172962,0.030973190475114
"127","FOLA","NGPN",897.358392923277,"Converted/Altered Grasslands",14.912570108875,133.819199472557,30.3011583011583,271.909987168412,16.2065738865922,145.431050976647
"128","FOLA","NGPN",897.358392923277,"Core Grassland",13.0649950511382,117.2398296264,20.8185328185328,186.816851530591,43.9269943699791,394.182570737943
"129","FOLA","NGPN",897.358392923277,"Desert/Shrub",0,0,0.0308880308880309,0.277176337582479,0.00219066962511384,0.0196581577421799
"130","FOLA","NGPN",897.358392923277,"Developed",0.92378752886836,8.28968492307877,1.38223938223938,12.403641106816,0.479443695096343,4.30232823728852
"131","FOLA","NGPN",897.358392923277,"Forest",16.1002969317057,144.47736580223,9.69111969111969,86.9640759165029,2.84943527666593,25.5696466060783
"132","FOLA","NGPN",897.358392923277,"Vulnerable Grasslands",54.3714945562521,487.907169758351,36.8339768339768,330.532782567107,36.1257068821451,324.177062709791
"133","FOLA","NGPN",897.358392923277,"Water",0.626855823160673,5.6251433406606,0.942084942084942,8.45387829626562,0.409655219896287,3.67607549778764
"134","FOLS","SOPN",705.110893484442,"Converted/Altered Grasslands",73.4230445752733,517.71388562819,86.5293720459149,610.128028359428,85.3940010417588,602.12240372766
"135","FOLS","SOPN",705.110893484442,"Core Grassland",11.1858704793944,78.8727912812707,6.68467251856853,47.1343541221876,5.24294601527258,36.9685834931955
"136","FOLS","SOPN",705.110893484442,"Desert/Shrub",0,0,0,0,0.000245697830979548,0.00173244217129179
"137","FOLS","SOPN",705.110893484442,"Developed",1.47182506307822,10.3779988527988,0.573936529372046,4.04688899028883,1.04053031419839,7.33689259542072
"138","FOLS","SOPN",705.110893484442,"Forest",0.420521446593776,2.96514252937108,0.141796083727211,0.999819632894888,0.0938565714341874,0.661792909433463
"139","FOLS","SOPN",705.110893484442,"Vulnerable Grasslands",13.4566862910008,94.8845609398745,6.06347062795408,42.7541919209338,8.13996914035243,57.3958091348969
"140","FOLS","SOPN",705.110893484442,"Water",0.0420521446593776,0.296514252937108,0.00675219446320054,0.0476104587092804,0.0884512191526373,0.623679181665043
"141","FOSC","HTLN",20.4341580973394,"Converted/Altered Grasslands",77.0114942528736,15.7366504887557,38.9417693169093,7.95742270811846,74.876406426475,15.3003632667923
"142","FOSC","HTLN",20.4341580973394,"Core Grassland",0,0,15.2855543113102,3.12347433402781,2.53518264492201,0.518043229719676
"143","FOSC","HTLN",20.4341580973394,"Desert/Shrub",0,0,0,0,0,0
"144","FOSC","HTLN",20.4341580973394,"Developed",21.8390804597701,4.46263222815459,24.8320268756999,5.07421563055433,1.99547442345796,0.407758398481373
"145","FOSC","HTLN",20.4341580973394,"Forest",1.14942528735632,0.234875380429189,14.3057110862262,2.92325162030808,17.3245948280242,3.54013509688195
"146","FOSC","HTLN",20.4341580973394,"Vulnerable Grasslands",0,0,6.01903695408735,1.22993952713549,2.40308896001626,0.491050997309432
"147","FOSC","HTLN",20.4341580973394,"Water",0,0,0.615901455767077,0.12585427719526,0.865252717104569,0.176807108154673
"148","FOUN","SOPN",720.676245915848,"Converted/Altered Grasslands",18.9852700490998,136.822331466839,27.1905031091012,195.955497052302,42.0825610145033,303.279020904568
"149","FOUN","SOPN",720.676245915848,"Core Grassland",69.1489361702128,498.339957282235,57.9907938302511,417.925875952653,31.8172201574425,229.299147785437
"150","FOUN","SOPN",720.676245915848,"Desert/Shrub",0,0,0.00807558749899055,0.0581988408233746,0.00347346117775595,0.025032409619196
"151","FOUN","SOPN",720.676245915848,"Developed",1.06382978723404,7.66676857357285,0.234192037470726,1.68776638387786,0.179988442847354,1.2971339529947
"152","FOUN","SOPN",720.676245915848,"Forest",0.450081833060556,3.24363285805005,2.91528708713559,21.0097815372382,13.9652085497668,100.643940710778
"153","FOUN","SOPN",720.676245915848,"Vulnerable Grasslands",10.3518821603928,74.6035557351512,11.6611483485424,84.0391261489529,11.9389176063432,86.0409432083802
"154","FOUN","SOPN",720.676245915848,"Water",0,0,0,0,0.0126307679191126,0.0910269440698037
"155","FOUS","NGPN",443.57453880757,"Converted/Altered Grasslands",21.8085106382979,96.7370004846295,34.0072673064381,150.84757911559,35.1572753127997,155.948721826059
"156","FOUS","NGPN",443.57453880757,"Core Grassland",3.42789598108747,15.205273788912,6.98779465200783,30.9960779004637,15.1184596805074,67.0616378026191
"157","FOUS","NGPN",443.57453880757,"Desert/Shrub",0,0,0,0,0,0
"158","FOUS","NGPN",443.57453880757,"Developed",2.65957446808511,11.7971951810524,1.21121773968136,5.37265350274705,0.449030754679313,1.99178609917291
"159","FOUS","NGPN",443.57453880757,"Forest",14.5981087470449,64.753493549332,10.733252585484,47.6099756551123,6.94688542188272,30.8146149716066
"160","FOUS","NGPN",443.57453880757,"Vulnerable Grasslands",50.177304964539,222.573749082522,39.4856983136122,175.148504189554,39.3677568426461,174.625345853653
"161","FOUS","NGPN",443.57453880757,"Water",7.32860520094563,32.5078267211221,7.57476940277648,33.5997484441027,2.96059198748474,13.1324322544593
"162","GICL","SODN",543.761404518763,"Converted/Altered Grasslands",47.5338753387534,258.470868164204,56.2939796716185,306.1049345219,43.265175313151,235.259324950295
"163","GICL","SODN",543.761404518763,"Core Grassland",0,0,0.125097732603597,0.680233187826444,0.00483747592599871,0.0263043270384677
"164","GICL","SODN",543.761404518763,"Desert/Shrub",2.92682926829268,15.9149679371345,2.72869429241595,14.8375864094643,5.08962935864139,27.6754400853478
"165","GICL","SODN",543.761404518763,"Developed",0,0,0.273651290070367,1.48801009837035,0.0232803528938688,0.126589573872626
"166","GICL","SODN",543.761404518763,"Forest",49.5392953929539,269.375568417425,39.8436278342455,216.654270322722,51.5354450931365,280.229860063435
"167","GICL","SODN",543.761404518763,"Vulnerable Grasslands",0,0,0.73494917904613,3.99636997848036,0.0810277217604784,0.440597477894333
"168","GICL","SODN",543.761404518763,"Water",0,0,0,0,0.000604684490749839,0.00328804087980846
"169","GUMO","CHDN",87224.298635418,"Converted/Altered Grasslands",11.0237099224549,9615.3536634643,9.71990133986648,8478.11577175313,7.00814549138473,6112.80575221
"170","GUMO","CHDN",87224.298635418,"Core Grassland",22.9477920899724,20016.0507027924,27.301678492809,23813.6975810494,43.2604024542684,37733.5826275948
"171","GUMO","CHDN",87224.298635418,"Desert/Shrub",45.8009028922793,39949.5163164795,44.2876832269487,38629.6210765816,32.7688134706983,28582.3677209649
"172","GUMO","CHDN",87224.298635418,"Developed",0.0572407784745873,49.927867557912,0.100814526130297,87.9347633397714,0.0771248131112182,67.271577310137
"173","GUMO","CHDN",87224.298635418,"Forest",16.9159100563768,14754.7839044728,14.2952236010949,12468.9085244197,6.62595282641198,5779.4408807515
"174","GUMO","CHDN",87224.298635418,"Vulnerable Grasslands",3.25372425064981,2838.0381571598,4.29414640478828,3745.53908395459,10.259070744042,8948.40250300201
"175","GUMO","CHDN",87224.298635418,"Water",0.000720009792133173,0.628023491294491,0.000552408362357789,0.48183431966998,0.000490200083334014,0.427573584598328
"176","HEHO","HTLN",187.023872477975,"Converted/Altered Grasslands",40.7692307692308,76.2481941640975,40.1570937653412,75.1033518345526,81.0280900108967,151.541871733318
"177","HEHO","HTLN",187.023872477975,"Core Grassland",18.4615384615385,34.52748414978,29.438717067583,55.0574286676284,6.63965657200945,12.4177428402104
"178","HEHO","HTLN",187.023872477975,"Desert/Shrub",0,0,0,0,0,0
"179","HEHO","HTLN",187.023872477975,"Developed",5.38461538461539,10.0705162103525,14.1220749468172,26.4116514397795,2.36545535655519,4.42396620956721
"180","HEHO","HTLN",187.023872477975,"Forest",3.69230769230769,6.905496829956,1.88185239731631,3.51951322778058,3.91110071011197,7.31469200456498
"181","HEHO","HTLN",187.023872477975,"Vulnerable Grasslands",31.6923076923077,59.272181123789,14.4002618229422,26.931927308234,5.99390078909455,11.2100253682525
"182","HEHO","HTLN",187.023872477975,"Water",0,0,0,0,0.061796561332173,0.115574322061657
"183","HOME","HTLN",214.274551396125,"Converted/Altered Grasslands",76.0869565217391,163.034984757921,88.0850476321966,188.743840660952,81.3863278614796,174.390188922965
"184","HOME","HTLN",214.274551396125,"Core Grassland",6.52173913043478,13.9744272649646,3.23070550876709,6.92257973584056,5.91409939284911,12.6724099431484
"185","HOME","HTLN",214.274551396125,"Desert/Shrub",0,0,0,0,0,0
"186","HOME","HTLN",214.274551396125,"Developed",1.53452685421995,3.28810053293286,1.18735330664089,2.54419597129183,2.99745615021363,6.4227857191658
"187","HOME","HTLN",214.274551396125,"Forest",13.6828644501279,29.3188964186513,5.90915366560817,12.6618125082896,2.33057398246009,4.99382694587114
"188","HOME","HTLN",214.274551396125,"Vulnerable Grasslands",2.0460358056266,4.38413404391048,1.38064337981499,2.95836740847887,6.96220766809085,14.9182392480683
"189","HOME","HTLN",214.274551396125,"Water",0.127877237851662,0.274008377744405,0.207096506972249,0.443755111271831,0.409334944906679,0.87710061690636
"190","HSTR","HTLN",13.5438671610086,"Converted/Altered Grasslands",0,0,14.7538772757923,1.99824553933155,43.5603016928494,5.89974939621411
"191","HSTR","HTLN",13.5438671610086,"Core Grassland",57.5757575757576,7.79798412300496,37.8556979096426,5.12712543775471,18.9219876326117,2.56276886918341
"192","HSTR","HTLN",13.5438671610086,"Desert/Shrub",0,0,0,0,0,0
"193","HSTR","HTLN",13.5438671610086,"Developed",42.4242424242424,5.74588303800366,40.0134861766689,5.41937341425659,16.0752757042541,2.17721398715006
"194","HSTR","HTLN",13.5438671610086,"Forest",0,0,6.25758597437626,0.847519131855428,15.5654023671166,2.10815741967876
"195","HSTR","HTLN",13.5438671610086,"Vulnerable Grasslands",0,0,0.971004720161834,0.131511589425842,4.24163376848218,0.574481243059711
"196","HSTR","HTLN",13.5438671610086,"Water",0,0,0.148347943358058,0.0200920483845037,1.63539883468614,0.221496245722573
"197","JECA","NGPN",1273.48384472339,"Converted/Altered Grasslands",1.89085686931546,24.0797567575748,2.93594938508566,37.3888411083215,11.8706310000932,151.170568052913
"198","JECA","NGPN",1273.48384472339,"Core Grassland",0.0239348970799426,0.304807047564238,0.0284353451340016,0.362119526472847,0.174293969615062,2.2196055453749
"199","JECA","NGPN",1273.48384472339,"Desert/Shrub",0,0,0,0,0,0
"200","JECA","NGPN",1273.48384472339,"Developed",0.0718046912398277,0.914421142692713,0.0710883628350039,0.905298816182118,0.121477615186255,1.5469978043522
"201","JECA","NGPN",1273.48384472339,"Forest",98.0134035423648,1248.18485977555,96.4882348759508,1228.76208320399,87.421319166123,1113.29637642464
"202","JECA","NGPN",1273.48384472339,"Vulnerable Grasslands",0,0,0.476292030994526,6.06550206842019,0.411346195669059,5.23842734772971
"203","JECA","NGPN",1273.48384472339,"Water",0,0,0,0,0.000932053313449529,0.0118695483709888
"204","KNRI","NGPN",1772.31739430977,"Converted/Altered Grasslands",12.1753794266442,215.786367401628,24.7943223939969,439.43408859005,43.6629720616317,773.846448720914
"205","KNRI","NGPN",1772.31739430977,"Core Grassland",11.2141652613828,198.750601554131,12.2412078473917,216.953055952936,17.1628168776993,304.179588876997
"206","KNRI","NGPN",1772.31739430977,"Desert/Shrub",0,0,0,0,0,0
"207","KNRI","NGPN",1772.31739430977,"Developed",0.320404721753794,5.67858861583231,1.07585209293916,19.0675137802064,0.331935801196231,5.88295594254231
"208","KNRI","NGPN",1772.31739430977,"Forest",9.76391231028668,173.047516240364,9.09049814664135,161.112479882332,2.51056039811254,44.4950986304012
"209","KNRI","NGPN",1772.31739430977,"Vulnerable Grasslands",63.1028667790894,1118.38308423392,42.2068529066088,748.039395654566,33.3579698785357,591.209102545902
"210","KNRI","NGPN",1772.31739430977,"Water",3.42327150084317,60.6712362638926,10.591266612422,187.710860449679,2.97374498282456,52.7041995930137
"211","LAMR","SOPN",41580.7103264757,"Converted/Altered Grasslands",56.8881072175965,23654.4790723637,54.9328014511588,22841.4490456244,34.3359569372713,14277.1347919102
"212","LAMR","SOPN",41580.7103264757,"Core Grassland",6.02134259465396,2503.71702204776,9.22051253862493,3833.954609302,29.9243640558907,12442.7631351199
"213","LAMR","SOPN",41580.7103264757,"Desert/Shrub",0.134318832836131,55.8507247954947,0.272877542767175,113.464420604024,0.231556946749256,96.2830232686396
"214","LAMR","SOPN",41580.7103264757,"Developed",0.330973477596212,137.621122976744,0.727542570859819,302.517368891015,0.80513837447677,334.782255218481
"215","LAMR","SOPN",41580.7103264757,"Forest",0.00222627899728394,0.925702620919802,0.00274840690556867,1.14280711399736,0.00212437565825005,0.883330488703115
"216","LAMR","SOPN",41580.7103264757,"Vulnerable Grasslands",19.5586030841385,8132.60609232077,25.7957619565516,10726.0610556609,32.7904736458944,13634.5118613787
"217","LAMR","SOPN",41580.7103264757,"Water",17.0644285141814,7095.51058935028,9.04775553313205,3762.12101927931,1.9103856640594,794.351929091059
"218","LECL","HTLN",80.1604047996468,"Converted/Altered Grasslands",68.7919463087248,55.1439026306295,59.6947194719472,47.8515287727264,75.7804760904151,60.7459363931763
"219","LECL","HTLN",80.1604047996468,"Core Grassland",0,0,4.496699669967,3.60457265806993,6.9237234713175,5.55008476181627
"220","LECL","HTLN",80.1604047996468,"Desert/Shrub",0,0,0,0,0,0
"221","LECL","HTLN",80.1604047996468,"Developed",4.36241610738255,3.49693041072285,7.42574257425743,5.95250530690446,2.85474139224927,2.28837225601009
"222","LECL","HTLN",80.1604047996468,"Forest",26.8456375838926,21.5195717582944,14.3770627062706,11.5247116636456,5.17328070122775,4.14692275152617
"223","LECL","HTLN",80.1604047996468,"Vulnerable Grasslands",0,0,4.66171617161716,3.73685055377891,6.8805721490109,5.51549448717889
"224","LECL","HTLN",80.1604047996468,"Water",0,0,9.34405940594059,7.49023584452145,2.38720619577943,1.91359414993904
"225","LIBI","ROMN",780.019502954798,"Converted/Altered Grasslands",12.827128639882,100.054105060181,13.0747479714777,101.985584139713,20.6636280485462,161.180328796698
"226","LIBI","ROMN",780.019502954798,"Core Grassland",54.6995945447844,426.667505486517,50.6454388984509,395.044300764973,41.9098714095755,326.905170657966
"227","LIBI","ROMN",780.019502954798,"Desert/Shrub",0,0,0,0,0,0
"228","LIBI","ROMN",780.019502954798,"Developed",0.589753040914117,4.60018873839911,1.85025817555938,14.4323746243788,0.767084540710053,5.98340902168965
"229","LIBI","ROMN",780.019502954798,"Forest",10.1732399557685,79.3532557373846,5.45242193262847,42.529954457887,4.55613372994217,35.5387316742509
"230","LIBI","ROMN",780.019502954798,"Vulnerable Grasslands",20.3833394765942,158.994023270919,27.5448733710352,214.855384358277,31.7197400008711,247.420158293349
"231","LIBI","ROMN",780.019502954798,"Water",1.32694434205676,10.350424661398,1.43225965084829,11.171904609569,0.383542270355026,2.99170451084483
"232","LYJO","SOPN",1567.89826089146,"Converted/Altered Grasslands",85.6928558034877,1343.57679585111,72.6129385042483,1138.4969999903,63.6578925789258,998.090990665134
"233","LYJO","SOPN",1567.89826089146,"Core Grassland",0.562535158447403,8.81997896619987,0.386977370236393,6.06741145797992,0.243050430504305,3.81078347296622
"234","LYJO","SOPN",1567.89826089146,"Desert/Shrub",0,0,0,0,0.00787207872078721,0.12342618535923
"235","LYJO","SOPN",1567.89826089146,"Developed",2.71891993249578,42.6298983366327,3.86556742660049,60.608164455256,0.725871258712587,11.3809228416656
"236","LYJO","SOPN",1567.89826089146,"Forest",9.99437464841553,156.701626299484,22.4488937494742,351.975814687379,34.9562935629356,548.079118845383
"237","LYJO","SOPN",1567.89826089146,"Vulnerable Grasslands",0.63753984624039,9.99597616169319,0.252376545806343,3.9570074725956,0.145141451414514,2.2756702925608
"238","LYJO","SOPN",1567.89826089146,"Water",0.393774610913182,6.17398527633991,0.433246403634222,6.79286282795579,0.263878638786388,4.13734858839584
"239","MIMI","NGPN",43.5399190300069,"Converted/Altered Grasslands",0,0,2.33990147783251,1.01879120883021,10.2164849125619,4.44824925864233
"240","MIMI","NGPN",43.5399190300069,"Core Grassland",92.6315789473684,40.3317144699011,68.4444865479348,29.8006740234748,47.4866775235968,20.6756609438145
"241","MIMI","NGPN",43.5399190300069,"Desert/Shrub",0,0,0,0,0,0
"242","MIMI","NGPN",43.5399190300069,"Developed",4.21052631578947,1.83325974863187,3.20197044334975,1.39413533839924,0.655508470963396,0.285407857492299
"243","MIMI","NGPN",43.5399190300069,"Forest",0,0,0.0378931413414172,0.0164986430579791,0.0656531637151164,0.0285853343221995
"244","MIMI","NGPN",43.5399190300069,"Vulnerable Grasslands",3.15789473684211,1.3749448114739,24.8200075786283,10.8066112029763,41.1658978709617,17.9235986009921
"245","MIMI","NGPN",43.5399190300069,"Water",0,0,1.15574081091322,0.503208613268363,0.409778058201103,0.178417034743495
"246","MNRR","NGPN",68360.3183226337,"Converted/Altered Grasslands",32.8902262342583,22483.8633507734,57.709951172051,39450.7063250505,69.3773506352153,47426.5777380429
"247","MNRR","NGPN",68360.3183226337,"Core Grassland",7.68706118355065,5254.89949473084,4.92441577629232,3366.34630020342,4.38204241697707,2995.57814527836
"248","MNRR","NGPN",68360.3183226337,"Desert/Shrub",0,0,0,0,0,0
"249","MNRR","NGPN",68360.3183226337,"Developed",0.275047364315168,188.023253783863,0.863948397326174,590.597874555465,0.939349013090859,642.14197550943
"250","MNRR","NGPN",68360.3183226337,"Forest",13.4536944165831,9196.9883293306,15.2150411704294,10401.0505770253,10.398646711461,7108.5479932008
"251","MNRR","NGPN",68360.3183226337,"Vulnerable Grasslands",8.56614287306363,5855.8425359979,5.51359434965136,3769.11064844041,10.6345204193233,7269.79201073486
"252","MNRR","NGPN",68360.3183226337,"Water",37.1278279282291,25380.7013580171,15.7730491342498,10782.5065973586,4.26809080393257,2917.68045986736
"253","MOCA","SODN",1011.72912656277,"Converted/Altered Grasslands",39.2323469088778,396.925080711265,43.9617820242195,444.774153295064,33.1059696351941,334.942737430285
"254","MOCA","SODN",1011.72912656277,"Core Grassland",23.8792850864342,241.593682434414,20.1255416064882,203.615966311349,15.6119969839984,157.951120725213
"255","MOCA","SODN",1011.72912656277,"Desert/Shrub",26.4283621447407,267.38343749183,25.752694145095,260.547507540551,26.89477505655,272.102272770655
"256","MOCA","SODN",1011.72912656277,"Developed",1.40638734251392,14.2288303765054,4.95500499944451,50.1312288020214,2.69299151982276,27.2457795819123
"257","MOCA","SODN",1011.72912656277,"Forest",8.76062115440961,88.6337558869814,5.13276302633041,51.9296585348293,19.9335362618336,201.673392314922
"258","MOCA","SODN",1011.72912656277,"Vulnerable Grasslands",0,0,0,0,1.71558360561125,17.3570590285048
"259","MOCA","SODN",1011.72912656277,"Water",0.292997363023733,2.96433966177195,0.0722141984223975,0.730612078953226,0.0451469369897698,0.456764711276441
"260","MORU","NGPN",1273.62076357468,"Converted/Altered Grasslands",19.6394686907021,250.132351100531,15.0650716445379,191.871880512237,23.7319632706603,302.255211819046
"261","MORU","NGPN",1273.62076357468,"Core Grassland",0.260910815939279,3.32301432621478,0.157749441304062,2.00912963887159,0.0324904047029102,0.413804540465709
"262","MORU","NGPN",1273.62076357468,"Desert/Shrub",0,0,0,0,0,0
"263","MORU","NGPN",1273.62076357468,"Developed",1.92125237191651,24.4694691293997,1.35401603785987,17.2450294003145,0.474906476218238,6.04850748867635
"264","MORU","NGPN",1273.62076357468,"Forest",77.9648956356736,992.977099115271,83.2194031812804,1059.89959823972,75.3880629645824,960.158023173677
"265","MORU","NGPN",1273.62076357468,"Vulnerable Grasslands",0.213472485768501,2.71882990326664,0.203759695017747,2.59512578354247,0.00941310790458145,0.119887296770439
"266","MORU","NGPN",1273.62076357468,"Water",0,0,0,0,0.363163775931594,4.62532925604662
"267","NEPE","UCBN",4225.60749310514,"Converted/Altered Grasslands",8.28869467155343,350.247703121768,20.1358907212117,850.863707118983,17.4093185148999,735.649467664148
"268","NEPE","UCBN",4225.60749310514,"Core Grassland",34.7335776712715,1467.70466070074,24.4532521763748,1033.29845627279,51.526929653151,2177.32580039056
"269","NEPE","UCBN",4225.60749310514,"Desert/Shrub",0,0,0,0,0,0
"270","NEPE","UCBN",4225.60749310514,"Developed",0,0,0,0,0.0732779677576942,3.09643929636429
"271","NEPE","UCBN",4225.60749310514,"Forest",0.112771356075557,4.765274872405,0.743152381626442,31.4027027231962,1.35106253053249,57.0905995267166
"272","NEPE","UCBN",4225.60749310514,"Vulnerable Grasslands",56.752184945024,2398.12457953782,54.5544624531106,2305.25745324187,29.2943942354665,1237.86611787363
"273","NEPE","UCBN",4225.60749310514,"Water",0.112771356075557,4.765274872405,0.11324226767641,4.78517374829657,0.345017098192477,14.5790683537152
"274","NICO","SOPN",5.6998177899578,"Converted/Altered Grasslands",36.3636363636364,2.07266101453011,70.302058273189,4.00708922416172,60.2701463778475,3.43528852527816
"275","NICO","SOPN",5.6998177899578,"Core Grassland",15.9090909090909,0.906789193856922,4.41058540497193,0.251395331553872,3.9993628989651,0.227956398000185
"276","NICO","SOPN",5.6998177899578,"Desert/Shrub",0,0,0,0,0,0
"277","NICO","SOPN",5.6998177899578,"Developed",15.9090909090909,0.906789193856922,3.02058273188987,0.172167711912652,1.21903844360879,0.0694829700752384
"278","NICO","SOPN",5.6998177899578,"Forest",0,0,0.160384923817161,0.00914164842014081,0.230754887031109,0.0131526081021962
"279","NICO","SOPN",5.6998177899578,"Vulnerable Grasslands",31.8181818181818,1.81357838771384,22.0529270248597,1.25697665776936,33.8856170556609,1.93141842917553
"280","NICO","SOPN",5.6998177899578,"Water",0,0,0.0534616412723871,0.00304721614004694,0.395080336886596,0.0225188593264874
"281","NIOB","NGPN",29058.6656942942,"Converted/Altered Grasslands",56.6427549602969,16459.6288039509,64.584607466672,18767.4251737124,38.0760548557804,11064.3934901173
"282","NIOB","NGPN",29058.6656942942,"Core Grassland",1.81929384446333,528.662516259472,2.00485925212968,582.585347717491,31.5749195135782,9175.25030469315
"283","NIOB","NGPN",29058.6656942942,"Desert/Shrub",0,0,0,0,0,0
"284","NIOB","NGPN",29058.6656942942,"Developed",0.137872411004914,40.0638829985811,0.120311607062291,34.960947687664,0.25587385699299,74.3535287026893
"285","NIOB","NGPN",29058.6656942942,"Forest",26.9514647647876,7831.73604571511,24.9202100105941,7241.48051729457,12.0170398774391,3491.99144433505
"286","NIOB","NGPN",29058.6656942942,"Vulnerable Grasslands",1.19731304293741,347.923194461362,3.97429341995769,1154.87663861584,17.2357162447814,5008.46916358818
"287","NIOB","NGPN",29058.6656942942,"Water",13.2513009765099,3850.65125090874,4.39571824358422,1277.33706926624,0.840395651427841,244.207762857802
"288","PAAL","GULN",3425.11827904135,"Converted/Altered Grasslands",93.9183710244166,3216.81529333517,77.1641274238227,2642.96263325611,54.676985679695,1872.75143094406
"289","PAAL","GULN",3425.11827904135,"Core Grassland",0.946031173979638,32.4026866654061,5.79639889196676,198.533517974904,11.4247685113754,391.311834621279
"290","PAAL","GULN",3425.11827904135,"Desert/Shrub",2.22542571402829,76.2234629176695,2.38573407202216,81.7142137901486,0.853128928003489,29.220674856837
"291","PAAL","GULN",3425.11827904135,"Developed",0.792864222001982,27.1565373957689,8.4314404432133,288.786807806984,17.9743382439163,615.642344729097
"292","PAAL","GULN",3425.11827904135,"Forest",0.0900982070456798,3.0859701586101,0.626731301939058,21.4662883831885,4.36295112252182,149.436236403135
"293","PAAL","GULN",3425.11827904135,"Vulnerable Grasslands",1.95513109289125,66.9655524418392,4.54639889196676,155.719539486887,8.02377322857972,274.82372352091
"294","PAAL","GULN",3425.11827904135,"Water",0.0720785656365438,2.46877612688808,1.04916897506925,35.9352783431278,2.68405428590825,91.9320339660364
"295","PIPE","HTLN",302.066975584452,"Converted/Altered Grasslands",3.09178743961353,9.33926881034055,31.2097451694203,94.2743333208827,80.7277113206613,243.851756044869
"296","PIPE","HTLN",302.066975584452,"Core Grassland",8.40579710144928,25.3911370781134,13.8896667600112,41.9560963007248,5.56659899123521,16.8148572157388
"297","PIPE","HTLN",302.066975584452,"Desert/Shrub",0,0,0,0,0,0
"298","PIPE","HTLN",302.066975584452,"Developed",1.256038647343,3.79407795420085,10.2772332679922,31.0441277063831,2.12045755194148,6.40520199570176
"299","PIPE","HTLN",302.066975584452,"Forest",5.60386473429952,16.9274247187423,4.84458134976197,14.6338803629544,1.6235029463572,4.90406624858566
"300","PIPE","HTLN",302.066975584452,"Vulnerable Grasslands",81.6425120772947,246.615067023055,39.3167180061607,118.762820980278,9.79548814736738,29.5889347904861
"301","PIPE","HTLN",302.066975584452,"Water",0,0,0.462055446653598,1.39571691322976,0.166241042437447,0.502159289070863
"302","RIGR","CHDN",22059.2581721761,"Converted/Altered Grasslands",25.1047520457458,5537.92206725573,15.2804125313407,3370.74565006199,6.91456046354402,1525.30074412439
"303","RIGR","CHDN",22059.2581721761,"Core Grassland",36.3403332347432,8016.40792888111,20.8246078507549,4593.75400914128,15.3479676298794,3385.64780365712
"304","RIGR","CHDN",22059.2581721761,"Desert/Shrub",31.5661047027507,6963.24853127919,59.084198616936,13033.5359118712,76.4363936469781,16861.3014120877
"305","RIGR","CHDN",22059.2581721761,"Developed",0.0345065562456867,7.61189032856318,0.0274793478487461,6.06174028598522,0.00667440864231869,1.47232503387511
"306","RIGR","CHDN",22059.2581721761,"Forest",2.45366262447008,541.259773006046,2.18508193583478,482.012865499376,0.747000830367493,164.782841719065
"307","RIGR","CHDN",22059.2581721761,"Vulnerable Grasslands",0.268658187912846,59.2640032723848,0.237459467961923,52.3817970919964,0.118083739211821,26.0483968920947
"308","RIGR","CHDN",22059.2581721761,"Water",4.23198264813172,933.54397815307,2.36076024932297,520.766198224261,0.429319281376827,94.7046486618453
"309","SAAN","GULN",985.5530974376,"Converted/Altered Grasslands",76.7961165048544,756.86650492538,57.3210858239649,564.929736822951,61.0721346804691,601.898315014626
"310","SAAN","GULN",985.5530974376,"Core Grassland",0.898058252427184,8.85084092359009,8.08884014258295,79.7198145720022,10.2951585064508,101.464253546436
"311","SAAN","GULN",985.5530974376,"Desert/Shrub",0,0,0.0137098985467508,0.135118329783054,0.0395972941389106,0.390252358887511
"312","SAAN","GULN",985.5530974376,"Developed",7.66990291262136,75.5909657257965,20.8801754867014,205.785216259592,17.2435868250007,169.944704063136
"313","SAAN","GULN",985.5530974376,"Forest",12.1844660194175,120.084382260601,9.1253084727173,89.9347603036011,8.17828992117793,80.6013896355961
"314","SAAN","GULN",985.5530974376,"Vulnerable Grasslands",2.30582524271845,22.7251321011097,4.20619687414313,41.4543035774411,2.13328697552556,21.0246758645251
"315","SAAN","GULN",985.5530974376,"Water",0.145631067961165,1.43527150112272,0.36468330134357,3.59414757222925,1.03794579723702,10.2295069543928
"316","SAND","SOPN",12530.0700487749,"Converted/Altered Grasslands",16.9885131936312,2128.67260340736,30.2221231706411,3786.85320350837,38.9873178410621,4885.13823562361
"317","SAND","SOPN",12530.0700487749,"Core Grassland",29.793436822565,3733.1385038049,30.8119753361563,3860.76209303164,27.6578710795075,3465.55062026216
"318","SAND","SOPN",12530.0700487749,"Desert/Shrub",0,0,0,0,0,0
"319","SAND","SOPN",12530.0700487749,"Developed",0.00498343009493434,0.624427281727004,0.0029715474333259,0.372336974928309,0.108803432323879,13.6331462856535
"320","SAND","SOPN",12530.0700487749,"Forest",0.0124585752373359,1.56106820431751,0.00742886858331476,0.930842437320774,0.00154331109679261,0.193377961498631
"321","SAND","SOPN",12530.0700487749,"Vulnerable Grasslands",53.2006079784716,6666.07344607664,38.9555010771859,4881.15157282267,33.2132122862996,4161.63876492167
"322","SAND","SOPN",12530.0700487749,"Water",0,0,0,0,0.0312520497100504,3.91590372034728
"323","SAPU","SCPN",1072.12950178125,"Converted/Altered Grasslands",90.4284164859002,969.509731138954,83.6512717536814,896.849963086423,41.5789622440828,445.780320753299
"324","SAPU","SCPN",1072.12950178125,"Core Grassland",0.135574837310195,1.45353782779453,0.338855421686747,3.63296894428887,21.2397674041524,227.717812449635
"325","SAPU","SCPN",1072.12950178125,"Desert/Shrub",2.95553145336226,31.6871246459208,3.95749665327979,42.4294891518182,1.17235090496088,12.5691199164851
"326","SAPU","SCPN",1072.12950178125,"Developed",0.759219088937093,8.13981183564939,0.794846050870147,8.52177900512204,0.320719267998435,3.43852589010809
"327","SAPU","SCPN",1072.12950178125,"Forest",1.32863340563991,14.2446707123864,0.552208835341365,5.92039383513742,3.65539636944599,39.1905828838711
"328","SAPU","SCPN",1072.12950178125,"Vulnerable Grasslands",4.39262472885033,47.0946256205429,10.7053212851406,114.774907758459,32.0310187299457,343.414001524826
"329","SAPU","SCPN",1072.12950178125,"Water",0,0,0,0,0.00178507941372042,0.0191383630247203
"330","SCBL","NGPN",3217.01716313828,"Converted/Altered Grasslands",14.1821649976156,456.242682077884,33.5083751772778,1077.97018054179,53.985969556585,1736.73790632195
"331","SCBL","NGPN",3217.01716313828,"Core Grassland",9.25131139723414,297.61627546439,13.4002836444479,431.089424751099,13.9708802117803,449.445614254461
"332","SCBL","NGPN",3217.01716313828,"Desert/Shrub",0,0,0,0,0.000794176042356056,0.0255487795881266
"333","SCBL","NGPN",3217.01716313828,"Developed",1.0968049594659,35.2844037921699,5.41607574073364,174.23608614797,5.22197220383852,167.991742051795
"334","SCBL","NGPN",3217.01716313828,"Forest",0.762994754411063,24.5456722032486,0.559622829545019,18.0031624753033,0.819589675711449,26.3663405349467
"335","SCBL","NGPN",3217.01716313828,"Vulnerable Grasslands",74.3538388173581,2391.97575620658,46.1765495036222,1485.50752287657,25.3119788219722,814.290703032771
"336","SCBL","NGPN",3217.01716313828,"Water",0.352885073915117,11.3523733940025,0.939093104373491,30.2107863455432,0.688815354070152,22.1593081627685
"337","SUCR","SCPN",3136.00132361922,"Converted/Altered Grasslands",25.5804839815813,802.204316250591,20.2215842464923,634.149149626773,23.2232487987406,728.281389715891
"338","SUCR","SCPN",3136.00132361922,"Core Grassland",21.0247869109435,659.337595815308,9.07767579151672,284.676032975826,1.57503028904402,49.3929707118241
"339","SUCR","SCPN",3136.00132361922,"Desert/Shrub",0.146957970020574,4.60860388500914,0.0646961303627027,2.02887150450477,0.14794240548582,4.63947579422942
"340","SUCR","SCPN",3136.00132361922,"Developed",0.107769178015088,3.3796428490067,0.0808701629533783,2.53608938063097,1.03477264672672,32.4504838977997
"341","SUCR","SCPN",3136.00132361922,"Forest",43.9110414421475,1377.05084084073,64.7203914115887,2029.63233131896,70.355473869003,2206.34859177051
"342","SUCR","SCPN",3136.00132361922,"Vulnerable Grasslands",0,0,0,0,1.70360419019047,53.4250499536057
"343","SUCR","SCPN",3136.00132361922,"Water",9.22896051729206,289.420323978574,5.83478225708625,182.978848812524,1.95992780080936,61.4633617753625
"344","TAPR","HTLN",10896.8711933709,"Converted/Altered Grasslands",37.3849934281959,4073.79457952067,39.3970815863427,4293.04923441099,47.2527033094069,5149.06621501176
"345","TAPR","HTLN",10896.8711933709,"Core Grassland",46.4569403965941,5062.35295539793,36.4456066002435,3971.4308068712,24.0343246225182,2618.98939631243
"346","TAPR","HTLN",10896.8711933709,"Desert/Shrub",0,0,0,0,0,0
"347","TAPR","HTLN",10896.8711933709,"Developed",0.388593633921938,42.3445477541127,1.23078310265543,134.116849366135,0.671987552689313,73.2256180520396
"348","TAPR","HTLN",10896.8711933709,"Forest",1.50008571918395,163.462408609626,2.19256721217859,238.921224939183,2.39221752257075,260.676862099782
"349","TAPR","HTLN",10896.8711933709,"Vulnerable Grasslands",13.9065089433682,1515.37436705343,20.2936447109388,2211.37232459132,25.136914964583,2739.13724567777
"350","TAPR","HTLN",10896.8711933709,"Water",0.362877878735928,39.5423350350905,0.440316787641074,47.9807531920361,0.511852028231838,55.7758562170796
"351","THRO","NGPN",70461.269308518,"Converted/Altered Grasslands",42.4172796160085,29887.7536235829,39.3317583530206,27713.6561768974,35.6185842582906,25097.3065781155
"352","THRO","NGPN",70461.269308518,"Core Grassland",13.3774805004333,9425.9425621048,16.9987420611788,11977.5294227875,27.9064661564994,19663.2502730215
"353","THRO","NGPN",70461.269308518,"Desert/Shrub",0.00177773827248283,1.25261695177473,0.0012272573865554,0.864741132249477,0.000384217234228706,0.270724340139628
"354","THRO","NGPN",70461.269308518,"Developed",0.167551832181507,118.059147704768,0.430460528334305,303.307952136504,0.234976282819013,165.56727144825
"355","THRO","NGPN",70461.269308518,"Forest",0.148441145752317,104.59351547319,0.13868008468076,97.7157479441909,0.182942291669182,128.903460812197
"356","THRO","NGPN",70461.269308518,"Vulnerable Grasslands",43.2012621941735,30440.1576993155,42.3557205534931,29844.3783267601,35.6693558213851,25133.0808659197
"357","THRO","NGPN",70461.269308518,"Water",0.686206973178374,483.510143385044,0.743411161905931,523.816940860121,0.387290972102536,272.890134860745
"358","TONT","SODN",1121.62041878655,"Converted/Altered Grasslands",10.097192224622,113.252169715489,13.0608914929912,146.493625860945,12.5011363529497,140.215297915032
"359","TONT","SODN",1121.62041878655,"Core Grassland",0,0,0.823258918638285,9.23384013092838,2.95984677260088,33.1982457662863
"360","TONT","SODN",1121.62041878655,"Desert/Shrub",87.1490280777538,977.481293694112,80.1008677594007,898.427688414653,67.0144167923186,751.647382273369
"361","TONT","SODN",1121.62041878655,"Developed",0.701943844492441,7.87314548824254,0.934510123859675,10.4816563648376,0.431030429180917,4.83452530487647
"362","TONT","SODN",1121.62041878655,"Forest",2.05183585313175,23.013809888709,1.7503522954832,19.6323087468387,2.56016401099676,28.7153223017645
"363","TONT","SODN",1121.62041878655,"Vulnerable Grasslands",0,0,0,0,0.00532910348805497,0.0597723128602909
"364","TONT","SODN",1121.62041878655,"Water",0,0,3.33011940962694,37.3512992683499,14.5280765384652,162.949872912364
"365","TUMA","SODN",362.50195503286,"Converted/Altered Grasslands",49.0421455938697,177.778736567839,28.1338515249325,101.985761803922,20.9353214154306,75.8909494233489
"366","TUMA","SODN",362.50195503286,"Core Grassland",0.229885057471264,0.833337827661746,3.70199591594757,13.4198075705465,2.16421938493508,7.84533758158978
"367","TUMA","SODN",362.50195503286,"Desert/Shrub",37.3946360153257,135.556286632977,58.2372702720506,211.111243293954,72.1523706403995,261.553754174003
"368","TUMA","SODN",362.50195503286,"Developed",1.53256704980843,5.55558551774498,5.50029642316053,19.9386820665594,3.48006217754314,12.615293429953
"369","TUMA","SODN",362.50195503286,"Forest",11.8007662835249,42.7780084866363,4.38706277583822,15.9031883309324,0.802829434810023,2.91027239676559
"370","TUMA","SODN",362.50195503286,"Vulnerable Grasslands",0,0,0,0,0.365673976364105,1.32557531336628
"371","TUMA","SODN",362.50195503286,"Water",0,0,0.0395230880706146,0.143271966945337,0.0995229705175357,0.360772713832843
"372","TUZI","SODN",812.649410826877,"Converted/Altered Grasslands",33.786265148733,274.563884671585,35.8083832335329,290.996615373936,27.0107657997337,219.502829131363
"373","TUZI","SODN",812.649410826877,"Core Grassland",7.05104663973559,57.3002889749396,12.2925577416595,99.8953980631499,26.7537343366438,217.414064460924
"374","TUZI","SODN",812.649410826877,"Desert/Shrub",25.4865956665443,207.116669524,36.8263473053892,299.269094406305,27.3727277103021,222.444310465016
"375","TUZI","SODN",812.649410826877,"Developed",0.550863018729343,4.47658507616715,4.35414884516681,35.3839649367734,5.48783031431001,44.5968207164191
"376","TUZI","SODN",812.649410826877,"Forest",9.07087770840984,73.7144342542191,3.95209580838323,32.1166833021401,11.1415598376306,90.5418203774287
"377","TUZI","SODN",812.649410826877,"Vulnerable Grasslands",23.9074550128535,194.283792305654,6.51839178785287,52.9716724593739,2.1489883998909,17.4637415704513
"378","TUZI","SODN",812.649410826877,"Water",0.146896804994491,1.19375602031124,0.248075278015398,2.01598228519927,0.0843936014889213,0.685824105275302
"379","WABA","SOPN",319.759092844689,"Converted/Altered Grasslands",99.2571959145775,317.383909239529,93.3252427184466,298.415949511609,71.8479974771365,229.740504959967
"380","WABA","SOPN",319.759092844689,"Core Grassland",0,0,1.60463861920173,5.13097789219499,6.74165177476436,21.5570445577344
"381","WABA","SOPN",319.759092844689,"Desert/Shrub",0,0,0,0,0.209888223133256,0.671136678278738
"382","WABA","SOPN",319.759092844689,"Developed",0.0928505106778087,0.296897950645023,1.68554476806904,5.38968265986869,0.58796734293423,1.88007904198952
"383","WABA","SOPN",319.759092844689,"Forest",0.649953574744661,2.07828565451516,0.40453074433657,1.29352383836848,0.519990188864361,1.66271591079407
"384","WABA","SOPN",319.759092844689,"Vulnerable Grasslands",0,0,2.98004314994606,9.52895894264784,19.8339114895406,63.4207354545738
"385","WABA","SOPN",319.759092844689,"Water",0,0,0,0,0.258593503626616,0.826876241351767
"386","WACA","SCPN",3241.11228717223,"Converted/Altered Grasslands",17.6151254211906,570.925994427006,27.7035720850438,897.90387883397,24.7895683203831,803.45774476889
"387","WACA","SCPN",3241.11228717223,"Core Grassland",0,0,0,0,4.27265289519786,138.481477974478
"388","WACA","SCPN",3241.11228717223,"Desert/Shrub",5.97154623736428,193.544518833385,2.76024753385209,89.4627219760485,1.09133266463592,35.3713170874389
"389","WACA","SCPN",3241.11228717223,"Developed",0.0280793710220891,0.910083944357608,0.00919061332026224,0.297878097589507,2.53373147022525,82.12108200542
"390","WACA","SCPN",3241.11228717223,"Forest",76.3852489704231,2475.73168996748,66.3286563323326,2149.78623030347,63.3146282951452,2052.09819725137
"391","WACA","SCPN",3241.11228717223,"Vulnerable Grasslands",0,0,3.19833343545126,103.661577961148,3.61697505327238,117.230222875565
"392","WACA","SCPN",3241.11228717223,"Water",0,0,0,0,0.381111301140329,12.3522452090612
"393","WACO","SOPN",107.227296965321,"Converted/Altered Grasslands",41.4948453608247,44.4938010603524,58.6051963274077,62.840767903099,47.7813131049694,51.2346104969955
"394","WACO","SOPN",107.227296965321,"Core Grassland",0,0,2.30513772221137,2.47173687085523,4.95599883756455,5.31418359115321
"395","WACO","SOPN",107.227296965321,"Desert/Shrub",0,0,0,0,0.00633378290772796,0.00679154420760822
"396","WACO","SOPN",107.227296965321,"Developed",3.09278350515464,3.31630815356664,4.37585465911311,4.69211067009806,11.1958927280721,12.0050531434486
"397","WACO","SOPN",107.227296965321,"Forest",55.1546391752577,59.140828738605,32.389138503614,34.7299977277794,25.2561456322978,27.081482279138
"398","WACO","SOPN",107.227296965321,"Vulnerable Grasslands",0.257731958762887,0.27635901279722,0.546981832389138,0.586513833762257,1.94745195639377,2.0882000925393
"399","WACO","SOPN",107.227296965321,"Water",0,0,1.7776909552647,1.90616995972734,8.85686395779465,9.49697581783897
"400","WHSA","CHDN",148226.034596749,"Converted/Altered Grasslands",0.4355286013395,645.566775300226,0.367314718186196,544.456041257623,0.960348362832799,1423.48629654186
"401","WHSA","CHDN",148226.034596749,"Core Grassland",89.9078828340999,133266.889514878,87.1702983447567,129209.076582589,70.0177820155961,103784.581794314
"402","WHSA","CHDN",148226.034596749,"Desert/Shrub",8.60588377693121,12756.1602645501,11.3106798723349,16765.3722606946,23.8018055585067,35280.4725418031
"403","WHSA","CHDN",148226.034596749,"Developed",0.0405587337181104,60.1186026730098,0.221248046626773,327.947206137632,0.817122792852134,1211.18871363093
"404","WHSA","CHDN",148226.034596749,"Forest",0.000424698782388591,0.629514164115286,0.00483308839718678,7.16389527970556,1.22462178356671,1815.20830858892
"405","WHSA","CHDN",148226.034596749,"Vulnerable Grasslands",0,0,0,0,2.45342678962242,3636.61724199165
"406","WHSA","CHDN",148226.034596749,"Water",1.00972135512887,1496.66992518409,0.925625929698254,1372.01861079102,0.724892697023139,1074.47969987883
"407","WICA","NGPN",33927.5161618108,"Converted/Altered Grasslands",55.8147259642,18936.5501721744,51.8084757000601,17577.3289663257,45.3600063003008,15389.5234685329
"408","WICA","NGPN",33927.5161618108,"Core Grassland",9.63830965122716,3270.03906464547,13.0023113292312,4411.36127763387,18.4295230062597,6252.67939649338
"409","WICA","NGPN",33927.5161618108,"Desert/Shrub",0,0,0,0,0,0
"410","WICA","NGPN",33927.5161618108,"Developed",0.07104631850895,24.1042511944956,0.102863445677566,34.8990121568518,0.644637631086903,218.709536472123
"411","WICA","NGPN",33927.5161618108,"Forest",14.1271452297472,4792.98948102496,15.6377223802353,5305.49078789345,26.3012153483457,8923.34908806264
"412","WICA","NGPN",33927.5161618108,"Vulnerable Grasslands",20.333087285477,6898.51147497531,19.4362339585696,6594.23141754105,9.20352003902122,3122.52574869442
"413","WICA","NGPN",33927.5161618108,"Water",0.0156855508396383,5.32171779618734,0.0123931862262128,4.20470025986167,0.0610976749857735,20.7289235552889
